Title,Date,Tag,label,Companies
"""أنابيب"" تفوز بعقد من ""أرامكو السعودية"" بقيمة 302 مليون ريال",8 أغسطس,أخبار الشركة,2,أرامكو
"""أنابيب السعودية"" تفوز بعقد توريد لـ""أرامكو"" بقيمة 302 مليون ريال",8 أغسطس,استثمارات الشركات,1,أرامكو
أرباح شركات الاتصالات السعودية ترتفع 9% بالربع الثاني..والإيرادات 25 مليار ريال,7 أغسطس 02:41 م,نتائج أعمال الشركات,1,الاتصالات
"نشاط إيجابي لسهم ""أرامكو"" مع إعلان النتائج المالية وتوزيعات الأرباح للربع الثاني",7 أغسطس 02:23 م,حركة التداولات,1,أرامكو
"الناصر: نتائج ""أرامكو"" تعكس قدرة الشركة على التكيف مع تقلبات السوق",7 أغسطس 10:32 ص,أخبار الشركة,1,أرامكو
"أرباح ""تكافل الراجحي"" تقفز 1168% في الربع الثاني من 2023",7 أغسطس 10:21 ص,نتائج أعمال الشركات,1,الراجحي
"""أرامكو السعودية"" تقرر توزيع 110.18 مليار ريال أرباحاً نقدية على المساهمين",7 أغسطس 09:52 ص,مفكرة الاحداث,1,أرامكو
"أسعار النفط تهبط بأرباح ""أرامكو"" إلى 112.81 مليار ريال في الربع الثاني 2023",7 أغسطس 09:42 ص,نتائج أعمال الشركات,2,أرامكو
"""أرامكو"" تعلن نتائجها المالية وتوزيعات الأرباح غداً الاثنين",6 أغسطس 06:10 م,نتائج أعمال الشركات,1,أرامكو
"""تداول"": تعيين الأهلي المالية كصانع سوق لأسهم شركة ""أرامكو السعودية""",3 أغسطس 02:03 م,تداول,0,أرامكو
"""جرير"" تقرر توزيع 180 مليون ريال على المساهمين عن الربع الثاني 2023",3 أغسطس 08:49 ص,مفكرة الاحداث,1,جرير
"سهم ""الحفر العربية"" يقفز لأعلى مستوياته منذ الإدراج بعد توقيع عقود مع ""أرامكو""",31 يوليو 12:59 م,حركة التداولات,0,أرامكو
"""الحفر العربية"" توقع عقوداً لـ10منصات حفر برية مع ""أرامكو"" بـ3 مليارات ريال",31 يوليو 10:01 ص,أخبار الشركة,1,أرامكو
"""الاتصالات السعودية "" تقرر توزيع 1.99 مليار ريال عن الربع الثاني من عام 2023",30 يوليو 04:45 م,مفكرة الاحداث,1,الاتصالات
"سهم ""الراجحي"" يسجل أعلى مكاسب في عام 2023 مع إعلان النتائج والتوزيعات",24 يوليو 02:48 م,حركة التداولات,1,الراجحي
"رئيس ""الراجحي"": نمو محفظة التمويل رافقه تغطية عالية للتمويلات غير العاملة بـ225%",24 يوليو 12:47 م,بنوك ومالية,1,الراجحي
"""الراجحي"" يقرر توزيع 4.6 مليار ريال أرباح نقدية عن النصف الأول 2023",24 يوليو 08:44 ص,توزيعات نقدية,0,الراجحي
"دخل العمليات يهبط بأرباح ""الراجحي"" إلى 4.15 مليار ريال في الربع الثاني 2023",24 يوليو 08:25 ص,نتائج أعمال الشركات,1,الراجحي
"محدث.. صفقتان خاصتان على ""أرامكو"" والبنك السعودي الأول بـ133.64 مليون ريال",19 يوليو 02:48 م,حركة التداولات,1,أرامكو
"""توبي"" توقع عقد تشغيل شبكات الاتصالات بالهيئة الملكية بينبع بـ 59.7 مليون ريال",17 يوليو 04:21 م,أخبار الشركة,2,الاتصالات
"""أرامكو"" و""توتال"" و""سابك"" تنفذ أول عملية لمعالجة الزيت من مخلفات البلاستيك",17 يوليو 03:46 م,استثمارات الشركات,1,أرامكو
"""تداول"".. صفقة خاصة على 15 مليون سهم من ""أرامكو"" بقيمة 482.25 مليون ريال",17 يوليو 02:51 م,حركة التداولات,1,أرامكو
"شركة أبحاث تتوقع ارتفاع أرباح ""جرير"" إلى 981 مليون ريال في عام 2023",17 يوليو 11:27 ص,نتائج أعمال الشركات,1,جرير
"رئيس ""جرير"": نخطط لافتتاح 7 معارض جديدة بالعام المقبل",16 يوليو 02:39 م,استثمارات الشركات,1,جرير
"انضمام ""الرياض المالية"" كصانع سوق لسهمي""الراجحي"" و""أمريكانا""",16 يوليو 12:37 م,حركة التداولات,1,الراجحي
"أرباح ""جرير"" تتراجع بالربع الثاني 12% إلى 155.8 مليون ريال",16 يوليو 09:27 ص,نتائج أعمال الشركات,2,جرير
"""أرامكو"" توقع مذكرة مع ""Aker"" لاستكشاف فرص الشراكة لالتقاط وتخزين الكربون",13 يوليو 02:00 م,الأخبار العامة,1,أرامكو
"صفقة خاصة على 3.05 مليون سهم من ""الراجحي"" بقيمة 220.6 مليون ريال",13 يوليو 01:21 م,حركة التداولات,1,الراجحي
"الموافقة على مزاولة الرياض المالية أنشطة صناعة السوق لـ""الراجحي"" و""أمريكانا""",11 يوليو 04:37 م,لوائح وتنظيمات سوق المال,1,الراجحي
"وكالة: ""أرامكو""ستورد كميات الخام كاملة إلى آسيا في أغسطس وسط تراجع الطلب الصيني",11 يوليو 12:02 م,أخبار الشركة,1,أرامكو
"""أرامكو السعودية"" تعتزم إعلان نتائج النصف الأول 7 أغسطس المقبل",10 يوليو 02:10 م,نتائج أعمال الشركات,1,أرامكو
هيئة الاتصالات تسجل تحالفاً بين 3 شركات لتقديم الحلول المبتكرة للجهات الحكومية,9 يوليو 05:00 م,الأخبار العامة,2,الاتصالات
"أداء إيجابي يسيطر على أسهم الصندوق السيادي بـ""تداول"".. وارتفاع هامشي لـ""أرامكو""",6 يوليو 07:59 م,حركة التداولات,1,أرامكو
"تابعة لـ""الصناعات الكهربائية"" توقع عقد توريد محولات لـ""أرامكو"" بـ153 مليون ريال",6 يوليو 04:12 م,أخبار الشركة,2,أرامكو
"رئيس ""أرامكو"": خطط لزيادة إنتاج الغاز 60% بحلول عام 2030",5 يوليو 02:50 م,استثمارات الشركات,1,أرامكو
"""جاز"" تحصل على أمر شراء من ""معادن"" لترقية محطة ""أرامكو"" لقياس الغاز الطبيعي",2 يوليو 10:30 ص,استثمارات الشركات,1,أرامكو
"رئيس ""أرامكو"": نعمل على مضاعفة جهودنا لتلبية الطلب المتزايد على الطاقة في آسيا",26 يونيو 10:00 ص,أخبار الشركة,1,أرامكو
"""أرامكو"" توقع عقداً مع ""هيونداي للهندسة"" لبناء مجمع بتروكيماويات بالمملكة",25 يونيو 12:18 م,استثمارات الشركات,0,أرامكو
"أرامكو و""توتال"" ترسيان عقوداً في مشروع أميرال بقيمة 11 مليار دولار",24 يونيو 02:27 م,اقتصاد كلي,0,أرامكو
"عمومية ""الاتصالات السعودية"" تقر تحويل 11 مليار ريال للأرباح المبقاة",22 يونيو 09:18 ص,جمعيات عمومية,1,الاتصالات
"أرباح ""تكافل الراجحي"" الفصلية تقفز لـ62 مليون ريال لزيادة إيرادات التأمين",20 يونيو 12:02 م,أخبار الشركة,1,الراجحي
"شركات سعودية بقيادة ""أرامكو"" تشتري أكبر عدد من أرصدة ائتمان الكربون بمزاد عالمي",15 يونيو 02:05 م,استثمارات الشركات,2,أرامكو
"سهم ""أنابيب"" بأعلى مستوى منذ 15 شهراً بعد توقيع عقد مع ""أرامكو""",13 يونيو 01:05 م,حركة التداولات,1,أرامكو
"""أنابيب"" تفوز بعقد توريد لـ""أرامكو السعودية"" بقيمة 27 مليون ريال",13 يونيو 09:21 ص,استثمارات الشركات,1,أرامكو
"""شور"" توقع عقداً مع وزارة الاتصالات بـ14.8 مليون ريال",12 يونيو 09:15 ص,أخبار الشركة,2,الاتصالات
"هيئة السوق السعودية توافق على زيادة رأسمال ""تكافل الراجحي"" بمنح أسهم منحة",6 يونيو 11:03 ص,اجراءات الشركات,2,الراجحي
"""أرامكو"" تودع عائد بيع كسور الأسهم الناتجة عن زيادة رأسمالها بحسابات المساهمين",5 يونيو 10:21 ص,اجراءات الشركات,1,أرامكو
راية لمراكز الاتصالات المصرية تعلن افتتاح ثاني فروعها في السعودية,4 يونيو 10:03 ص,استثمارات الشركات,2,الاتصالات
"""سفن"" تتسلم خطاب ترسية مشروع لصالح ""أرامكو""",1 يونيو 01:32 م,أخبار الشركة,2,أرامكو
"""جروب فايف"" تعلن ترسية مشروع مع ""أرامكو"" بـ 113 مليون ريال",1 يونيو 11:07 ص,أخبار الشركة,1,أرامكو
"""أنابيب الشرق"" توقع عقد تصنيع وتوريد مع ""أرامكو السعودية"" بقيمة 93 مليون ريال",1 يونيو 10:12 ص,استثمارات الشركات,1,أرامكو
"""أرامكو السعودية"" تهبط بأرباح قطاع الطاقة إلى 120 مليار ريال في الربع الأول 2023",31 مايو 03:23 م,تقارير قطاعية,2,أرامكو
"مساهمو ""جرير للتسويق"" يقرون تجزئة القيمة الاسمية للسهم",31 مايو 09:03 ص,اجراءات الشركات,1,جرير
"""لوبريف"" توقع اتفاقية لتوريد كميات زيت إضافية من ""أرامكو السعودية""",30 مايو 10:36 ص,أخبار الشركة,1,أرامكو
"""تداول"".. صفقتان خاصتان على ""أرامكو"" و""السعودي الفرنسي"" بـ14.17 مليون ريال",29 مايو 01:05 م,حركة التداولات,0,أرامكو
أرامكو السعودية.. قصة نجاح ومسيرة حافلة بالإنجازات العالمية,29 مايو 01:05 م,أخبار الشركة,2,أرامكو
"""إس تي سي"" تقود قطاع الاتصالات السعودي لأرباح 4.14 مليار ريال بالربع الأول 2023",28 مايو 02:59 م,نتائج أعمال الشركات,1,الاتصالات
"أرامكو تعتمد ""سايفر"" مدققاً أمنياً لمورديها حول العالم",25 مايو 06:53 م,اقتصاد كلي,2,أرامكو
"إنفوجرافيك..""أرامكو"" تقود أرباح الشركات السعودية للتراجع 23% بالربع الأول 2023",25 مايو 04:05 م,نتائج أعمال الشركات,1,أرامكو
"الشركات السعودية تربح 150 مليار ريال بالربع الأول.. و""أرامكو"" تقتنص 80%",24 مايو 12:52 م,نتائج أعمال الشركات,1,أرامكو
"""أرامكو توتال"": ""ساتورب"" تقرر توزيع 450 مليون دولار أرباحاً نقدية عن عام 2022",23 مايو 11:14 ص,توزيعات نقدية,1,أرامكو
"""أنابيب"" تفوز بعقد توريد لصالح ""أرامكو السعودية"" بـ 38 مليون ريال",23 مايو 08:55 ص,استثمارات الشركات,1,أرامكو
"سهم ""أنابيب الشرق"" يقفز لأعلى مستوى منذ الإدراج بعد توقيع عقد مع ""أرامكو""",22 مايو 12:39 م,حركة التداولات,1,أرامكو
"""أنابيب الشرق"" توقع عقد تصنيع وتوريد مع ""أرامكو"" بـ1.8 مليار ريال",22 مايو 09:36 ص,أخبار الشركة,2,أرامكو
"""جروب فايف"" تعلن ترسية مشروع مع ""أرامكو السعودية"" بـ847 مليون ريال",22 مايو 08:59 ص,أخبار الشركة,1,أرامكو
"""أنابيب السعودية"" تفوز بعقد توريد مع ""أرامكو"" بـ50.2 مليون ريال",21 مايو 04:02 م,أخبار الشركة,2,أرامكو
"21 يونيو.. عمومية ""الاتصالات السعودية"" تناقش تحويل 11 مليار ريال للأرباح المبقاة",18 مايو 04:21 م,مفكرة الاحداث,1,الاتصالات
"رئيس ""أرامكو"": استحداث منصبين قياديين يدعم نمو قدرة الشركة بقطاع التنقيب",18 مايو 12:03 م,أخبار الشركة,1,أرامكو
"""أرامكو السعودية"" تستحدث منصبين جديدين بالإدارة العليا",18 مايو 09:09 ص,أخبار الشركة,2,أرامكو
"""أرامكو السعودية"":نسعى لاستدامة التوزيعات الأساسية بعد 2024 بجانب الآلية الجديدة",17 مايو 11:19 ص,توزيعات نقدية,1,أرامكو
"السعودية تقترب من طرح ثانوي جديد لأسهم ""أرامكو""",16 مايو 05:53 م,الاكتتابات الاولية,1,أرامكو
"""أنابيب"" تفوز بعقد توريد لصالح ""أرامكو السعودية"" بـ 81 مليون ريال",15 مايو 08:27 ص,أخبار الشركة,2,أرامكو
"""أنابيب السعودية"" تفوز بعقد توريد مع أرامكو السعودية بـ 96.8 مليون ريال",14 مايو 05:17 م,استثمارات الشركات,2,أرامكو
"""تكافل الراجحي"" توصي بزيادة رأسمالها 150% إلى مليار ريال بأسهم منحة",14 مايو 10:37 ص,أخبار الشركة,1,الراجحي
أرامكو السعودية تؤجل طرحاً عاماً أولياً لوحدة تجارة الطاقة,11 مايو 02:28 م,أخبار الشركة,0,أرامكو
"""أرامكو السعودية"" تنفي الادعاءات بشأن إيقاف خططها للهيدروجين الأزرق مؤقتاً",11 مايو 01:08 م,أخبار الشركة,2,أرامكو
"""عذيب"" توقع اتفاقية مع هيئة الاتصالات بسداد 64.1 مليون ريال مستحقات حكومية",11 مايو 08:47 ص,اجراءات الشركات,1,الاتصالات
"""الاتصالات السعودية"" تقرر توزيع 1.99 مليار ريال عن الربع الأول من عام 2023",10 مايو 09:36 ص,توزيعات نقدية,1,الاتصالات
"سهم ""أرامكو"" يسجل أكبر سيولة في 5 أشهر بعد إعلان النتائج الفصلية",9 مايو 02:36 م,حركة التداولات,1,أرامكو
"سوق الأسهم السعودية.. صفقة خاصة على ""أرامكو"" بأقل من سعر التداول",9 مايو 02:12 م,حركة التداولات,1,أرامكو
"""أرامكو"": تسوية كامل المقابل المادي المؤجل المتعلق بصفقة الاستحواذ على ""سابك""",9 مايو 01:39 م,أخبار الشركة,2,أرامكو
"""رواسي"" تُوقع اتفاقية مع ""الصينية السعودية"" لخدمات الاتصالات بـ 17.28 مليون ريال",9 مايو 10:49 ص,أخبار الشركة,2,الاتصالات
"رئيس ""أرامكو"": تدفقات نقدية قوية بالربع الأول وتعزيز المركز المالي للشركة",9 مايو 10:11 ص,أخبار الشركة,1,أرامكو
"مساهمو ""أرامكو السعودية"" يقرون زيادة رأس المال إلى 90 مليار ريال",9 مايو 09:37 ص,جمعيات عمومية,1,أرامكو
"""أرامكو السعودیة"" تقرر توزيع 73.16 ملیار ﷼ على المساهمين عن الربع الأول 2023",9 مايو 09:22 ص,توزيعات نقدية,1,أرامكو
"أسعار النفط الخام تتراجع بأرباح ""أرامكو"" لـ119.5 مليار ريال بالربع الأول",9 مايو 09:18 ص,نتائج أعمال الشركات,1,أرامكو
"""أرامكو"" تعتزم اعتماد آلية توزيع أرباح مرتبطة بالأداء بالإضافة للأساسية",9 مايو 09:07 ص,توزيعات نقدية,0,أرامكو
"""جرير"" تقرر توزيع أرباح نقدية بـ 2.05 ريال للسهم عن الربع الأول 2023",8 مايو 04:18 م,توزيعات نقدية,2,جرير
"محادثات بين ""أرامكو"" وسينوبك وتوتال بشأن صفقة غاز بـ10 مليارات دولار",2 مايو 05:32 م,اقتصاد كلي,2,أرامكو
تحالف بين أرامكو والصندوق السيادي لإنشاء أول مجمع للألواح الفولاذية بالسعودية,1 مايو 04:01 م,اقتصاد كلي,1,أرامكو
"رئيس""مصرف الراجحي"":نمو محفظة التمويل رافقه تغطية عالية للتمويلات غير العاملة",27 أبريل 11:08 ص,بنوك ومالية,2,الراجحي
"""لومي"" التابعة لـ""سيرا"" توقع عقدين مع ""أرامكو السعودية"" بـ471.2 مليون ريال",27 أبريل 10:07 ص,أخبار الشركة,0,أرامكو
"""مصرف الراجحي"" يربح 4.14 مليار ريال بالربع الأول لعام 2023",27 أبريل 09:06 ص,نتائج أعمال الشركات,1,الراجحي
"""أرامكو السعودية"" تتخطى مايكروسوفت وتحتل المرتبة الثانية عالمياً بالقيمة السوقية",26 أبريل 02:00 م,حركة التداولات,1,أرامكو
"سوق الأسهم السعودية.. 10 أسهم تقتنص 35% من السيولة بقيادة ""أرامكو""",26 أبريل 01:06 م,حركة التداولات,2,أرامكو
"سهم ""أرامكو"" يسجل أعلى مستوياته في 6 أشهر وقيمته السوقية تقفز 297 مليار ريال",25 أبريل 05:29 م,تداول,1,أرامكو
"""أرامكو السعودية” تطرح مزيداً من إمدادات زيت غاز التفريغ‭ ‬في مايو",19 أبريل 10:38 ص,أخبار الشركة,2,أرامكو
"أرباح ""جرير"" تهبط إلى 247.8 مليون ريال بالربع الأول من عام 2023",17 أبريل 04:03 م,نتائج أعمال الشركات,2,جرير
"سهم ""أرامكو"" يتصدر ارتفاعات السوق السعودي بأعلى مكاسب في 9 أشهر",17 أبريل 12:58 م,حركة التداولات,2,أرامكو
"""جرير"" تفتتح المعرض البديل لمعرضها السابق بمجمع الراشد مول في الخبر",17 أبريل 10:00 ص,استثمارات الشركات,0,جرير
"30 مايو.. مساهمو ""جرير للتسويق"" يناقشون تجزئة القيمة الاسمية للسهم",17 أبريل 09:46 ص,اجراءات الشركات,1,جرير
"""شور"" تعلن ترسية مشروع مع وزارة الاتصالات بـ14.3 مليون ريال",16 أبريل 11:11 ص,أخبار الشركة,1,الاتصالات
"""أرامكو السعودية"": لا تغيير بسياسة توزيع الأرباح بعد نقل 4% من الأسهم لـ""سنابل""",16 أبريل 10:51 ص,أخبار الشركة,2,أرامكو
"8 مايو.. مساهمو ""أرامكو السعودية"" يناقشون زيادة رأس المال إلى 90 مليار ريال",16 أبريل 10:11 ص,اجراءات الشركات,1,أرامكو
"ولي العهد السعودي يعلن نقل 4% من ملكية الدولة في ""أرامكو"" لـ ""سنابل للاستثمار""",16 أبريل 09:21 ص,أخبار الشركة,1,أرامكو
"""لوبريف"" توقع اتفاقية مع ""أرامكو السعودية"" لتوريد كميات إضافية من زيت الغاز",11 أبريل 03:53 م,استثمارات الشركات,2,أرامكو
"""جرير"" تفتتح معرضاً جديداً بالكويت باستثمارات بـ25 مليون ريال",11 أبريل 10:32 ص,أخبار الشركة,0,جرير
أرامكو السعودية تورد لعملائها الآسيويين كامل كميات النفط المتعاقد عليها في مايو,10 أبريل 12:24 م,استثمارات الشركات,2,أرامكو
"""أرامكو السعودية"" تعلن نتائج وتوزيعات الأرباح للربع الأول 9 مايو المقبل",10 أبريل 09:51 ص,نتائج أعمال الشركات,2,أرامكو
"""أرامكو السعودية"": نتبنى استراتيجية متكاملة لتحويل السوائل إلى مواد كيميائية",6 أبريل 12:31 م,أخبار الشركة,0,أرامكو
"هيئة السوق السعودية توافق على زيادة رأسمال ""أرامكو"" بمنح أسهم مجانية",4 أبريل 09:51 ص,اجراءات الشركات,1,أرامكو
"أكبر 10 شركات سعودية بالأرباح في عام 2022.. ""أرامكو"" بالصدارة (إنفوجرافيك)",3 أبريل 05:59 م,نتائج أعمال الشركات,1,أرامكو
"""أرامكو"" تصعد بأرباح قطاع الطاقة 46% في عام 2022.. بإيرادات 2 تريليون ريال",2 أبريل 01:48 م,نتائج أعمال الشركات,2,أرامكو
"""ولاء للتأمين"" توقع وثيقة تغطية تأمينية لمنتجات الطاقة مع ""أرامكو السعودية""",2 أبريل 09:44 ص,استثمارات الشركات,1,أرامكو
"الشركات السعودية تربح 770.56 مليار ريال بالعام 2022..و""أرامكو"" تقتنص 78.4%",31 مارس 01:52 ص,نتائج أعمال الشركات,1,أرامكو
"""الراجحي"" ينتهي من إصدار صكوك بقيمة مليار دولار بموجب برنامجه للصكوك الدولية",30 مارس 09:46 ص,بنوك ومالية,1,الراجحي
"%30 حصة ""أرامكو السعودية"".. وضع حجر الأساس لمصفاة ومجمع بتروكيميائيات بالصين",29 مارس 01:50 م,,1,أرامكو
مصرف الراجحي يبدأ طرح صكوك بالدولار الأمريكي ضمن برنامجه للصكوك الدولية,29 مارس 09:51 ص,بنوك ومالية,2,الراجحي
"مصفاة جازان التابعة لـ""أرامكو السعودية"" تعتزم رفع إنتاج الوقود",27 مارس 05:38 م,استثمارات الشركات,1,أرامكو
"""أرامكو السعودية"" تستحوذ على 10% من ""رونغشنغ"" الصينية بـ 3.6 مليار دولار",27 مارس 01:03 م,اندماجات واستحواذات,0,أرامكو
"""مصرف الراجحي"" يعتزم إصدار صكوك بالدولار الأمريكي لتلبية أهدافه الاستراتيجية",27 مارس 10:20 ص,صكوك وتمويل اسلامي,1,الراجحي
أرامكو السعودية تعتزم بناء مصفاة ومجمع بتروكيميائيات في الصين,26 مارس 02:55 م,استثمارات الشركات,0,أرامكو
"""إس تي سي"" تقود شركات الاتصالات السعودية لأرباح 14.4 مليار ريال بالعام 2022",26 مارس 02:00 م,نتائج أعمال الشركات,2,الاتصالات
"الناصر: ""أرامكو"" تدعم أمن الطاقة بالصين.. ونقيم الاستثمار بالغاز الطبيعي المسال",26 مارس 12:01 م,اخبار السلع,1,أرامكو
"""أرامكو"" توقع مذكرة مع ""سامسونج"" لتوطين شبكات الجيل الخامس الصناعية بالسعودية",23 مارس 03:21 م,استثمارات الشركات,1,أرامكو
"مساهمو ""الراجحي"" يقرون توزيع 5 مليارات ريال أرباحاً نقدية عن عام 2022",22 مارس 09:43 ص,توزيعات نقدية,0,الراجحي
"""المعمر"" تجدد اتفاقية تسهيلات ائتمانية مع ""الراجحي"" بـ500 مليون ريال",21 مارس 08:43 ص,أخبار الشركة,2,الراجحي
"أرامكو السعودية توقع اتفاقية مع ""دي إتش إل"" لإنشاء مركز عالمي للخدمات اللوجستية",20 مارس 02:15 م,استثمارات الشركات,1,أرامكو
مصرف الراجحي والسعودية لإعادة التمويل العقاري يوقعان اتفاقية بـ 5 مليارات ريال,19 مارس 06:16 م,شركات - أخبار التمويل,2,الراجحي
جرير تقرر توزيع 2.20 ريال أرباحاً نقدية للسهم..وتوصي بتجزئة القيمة الاسمية للسهم,15 مارس 03:57 م,توزيعات نقدية,1,جرير
"تابعة لـ""أسمنت نجران"" تحصل على تمويل بنكي من ""الراجحي"" بـ85 مليون ريال",14 مارس 09:51 ص,بنوك ومالية,1,الراجحي
أرامكو السعودية تتوقع ارتفاع النفقات الرأسمالية إلى 45 - 55 مليار دولار في 2023,12 مارس 11:58 ص,استثمارات الشركات,1,أرامكو
أرامكو السعودية توصي بزيادة رأسمالها عن طريق منح أسهم مجانية بقيمة 15 مليار ريال,12 مارس 10:45 ص,اجراءات الشركات,1,أرامكو
"رئيس ""أرامكو"":حققنا أداء مالياً قياسياً في 2022..والتوسع باستثمارات الطاقة مستمر",12 مارس 10:40 ص,نتائج أعمال الشركات,1,أرامكو
أرامكو السعودیة تقرر توزيع 73.15 ملیار ﷼ على المساهمين عن الربع الرابع 2022,12 مارس 10:11 ص,توزيعات نقدية,1,أرامكو
أرباح أرامكو السعودية ترتفع إلى 604 مليارات ريال في عام 2022 بدعم أسعار النفط,12 مارس 10:06 ص,نتائج أعمال الشركات,0,أرامكو
البقعاوي: أرامكو السعودية حريصة على تحويل الأفكار إلى مشاريع,10 مارس 12:24 ص,اقتصاد كلي,2,أرامكو
أرامكو السعودية تضع حجر الأساس لمشروع شاهين في كوريا الجنوبية بـ 7 مليارات دولار,9 مارس 02:51 م,استثمارات الشركات,1,أرامكو
أرامكو السعودية توقع اتفاقاً مع بنك التصدير والاستيراد الكوري بـ 6 مليارات دولار,7 مارس 12:41 م,استثمارات الشركات,2,أرامكو
"هيئة المنافسة تقر استحواذ ""سلوشنز"" على حصة الاتصالات السعودية في ""مراكز الاتصال""",6 مارس 09:30 ص,اندماجات واستحواذات,1,الاتصالات
"""تكافل الراجحي"" تربح 99.87 مليون ريال في 2022.. وتحول إيجابي بالربع الرابع",5 مارس 11:29 ص,نتائج أعمال الشركات,1,الراجحي
"""أنابيب السعودية"" تفوز بعقد توريد مع أرامكو السعودية بـ75.5 مليون ريال",2 مارس 04:49 م,أخبار الشركة,1,أرامكو
"الناصر: الدعم المقدم من برنامج ""شريك"" سينعكس إيجابياً على استثمارات أرامكو",2 مارس 09:47 ص,أخبار الشركة,2,أرامكو
"""أنابيب"" تفوز بعقد توريد مع أرامكو السعودية بـ62 مليون ريال.. وتوضح الأثر المالي",2 مارس 09:22 ص,أخبار الشركة,1,أرامكو
"""أرامكو""توقع خطاب نوايا مع ""جيلي"" و""رينو"" لتأسيس شركة جديدة للمحركات",2 مارس 09:11 ص,أخبار الشركة,1,أرامكو
"""أرامكو"" تستحوذ على أعمال المنتجات العالمية في ""فالفولين"" بـ2.65 مليار دولار",2 مارس 08:57 ص,أخبار الشركة,1,أرامكو
"وكالة: ""أرامكو "" تدرس الاستثمار بمنشأة للغاز الطبيعي المسال خارج السعودية",1 مارس 05:31 م,أخبار الشركة,1,أرامكو
21 مارس.. مساهمو مصرف الراجحي يناقشون توزيع 1.25 ريال للسهم عن العام 2022,28 فبراير 03:55 م,جمعيات عمومية,2,الراجحي
"""تكافل الراجحي"" تعين سعود بن غنيم بمنصب الرئيس التنفيذي بعد استقالة دحدولي",28 فبراير 10:35 ص,قرارات إدارية,2,الراجحي
الوطنية للبناء والتسويق: شركة تابعة توقع اتفاقية تمويل مع مصرف الراجحي,26 فبراير 04:25 م,شركات - أخبار التمويل,2,الراجحي
أرامكو السعودية تعقد اجتماع مجلس إدارتها في كوريا الجنوبية مارس المقبل,26 فبراير 02:57 م,استثمارات الشركات,1,أرامكو
"""جرير"" تفتتح معرضاً جديداً بالشارقة.. وتنقل معرضها في الخبر إلى معرض بديل",26 فبراير 10:13 ص,أخبار الشركة,1,جرير
الاتصالات السعودية تقرر توزيع 1.99 مليار ريال على المساهمين عن الربع الرابع 2022,20 فبراير 09:54 ص,توزيعات نقدية,2,الاتصالات
الاتصالات السعودية تربح 12.17 مليار ريال خلال عام 2022,20 فبراير 09:05 ص,نتائج أعمال الشركات,2,الاتصالات
رئيس أرامكو: تكلفة رأس المال ستؤثر سلباً على توفر الإمدادات المستقبلية الكافية,12 فبراير 02:42 م,اخبار السلع,1,أرامكو
""" عزم "" تجدد اتفاقية تسهيلات مع مصرف الراجحي بقيمة 35 مليون ريال",7 فبراير 04:48 م,استثمارات الشركات,1,الراجحي
"سوق الأسهم السعودية.. صفقة خاصة على ""الراجحي"" ضمن مستويات التداول",7 فبراير 12:05 م,حركة التداولات,1,الراجحي
"أرامكو ترفع تمويل ""واعد"".. وتوقع شراكة لبناء أول مركز بيانات عالمي بالسعودية",6 فبراير 04:28 م,الأخبار العامة,2,أرامكو
"محدث.. صفقتان خاصتان على ""الراجحي"" وعلم بـ46.47 مليون ريال",6 فبراير 10:52 ص,حركة التداولات,1,الراجحي
"""حصانة"" و""أرامكو"" توقعان مذكرة تفاهم بمجال تطوير المرافق",5 فبراير 03:36 م,أخبار الشركة,1,أرامكو
"شركة أبحاث: نظرة إيجابية تجاه ""جرير"" لقدرة الشركة على تجاوز الصعوبات",2 فبراير 02:23 م,تقييمات وتوصيات الأسهم,1,جرير
"رئيس ""جرير"" يتوقع عدم تأثر الشركة بارتفاع الفائدة لانخفاض حجم القروض",1 فبراير 12:56 م,أخبار الشركة,1,جرير
الاستثمار السعودية توقع مذكرة تفاهم مع أرامكو لدعم برنامج المقرات الإقليمية,1 فبراير 11:05 ص,الأخبار العامة,2,أرامكو
شركة أبحاث تتوقع أن يحافظ مصرف الراجحي على زخم النمو الجيد في عام 2023,31 يناير 05:57 م,تقييمات وتوصيات الأسهم,2,الراجحي
"""جرير"" تربح 969.8 مليون ريال بالعام 2022.. ونمو 1.94% في الربع الرابع",31 يناير 09:29 ص,نتائج أعمال الشركات,2,جرير
أرامكو السعودية تطلق شركة رقمية وتوقع 100 اتفاقية بقيمة 27 مليار ريال,30 يناير 02:12 م,استثمارات الشركات,1,أرامكو
"أمين الناصر: نستهدف تحقيق 70% بالمحتوى المحلي من مشتريات ""أرامكو"" بحلول 2025",30 يناير 01:08 م,أخبار الشركة,1,أرامكو
أرامكو السعودية تعتزم استثمار 1.9 مليار دولار في القطاع الرقمي,30 يناير 12:25 م,أخبار الشركة,1,أرامكو
رئيس مصرف الراجحي يؤكد على قوة المركز المالي بعد نتائجه المالية لعام 2022,30 يناير 10:47 ص,نتائج أعمال الشركات,2,الراجحي
مصرف الراجحي يربح 17.15 مليار ريال خلال 2022 لارتفاع دخل العمليات,30 يناير 09:18 ص,بنوك ومالية,2,الراجحي
12 مارس.. أرامكو السعودية تعلن نتائج وتوزيعات الأرباح لعام 2022,25 يناير 12:40 م,توزيعات نقدية,1,أرامكو
"""واعد"" التابع لـ""أرامكو"" يغلق جولة بـ14 مليون دولار لصالح تيرا درون اليابانية",25 يناير 11:47 ص,استثمارات الشركات,1,أرامكو
أرامكو السعودية تستعرض تجربتها بمجال التنمية المستدامة في القطاع العقاري,24 يناير 11:29 ص,أخبار الشركة,1,أرامكو
"أرامكو السعودية تستحوذ على ""موتيفا للتجارة"".. وتطلق شركة للتوسع في الأمريكتين",19 يناير 10:12 ص,اندماجات واستحواذات,1,أرامكو
رئيس أرامكو: نتوقع ارتفاع الطلب على النفط مع إعادة فتح الصين وتعافي الطيران,18 يناير 05:44 م,استثمارات الشركات,1,أرامكو
"العلامة التجارية لـ ""أرامكو السعودية"" الأعلى بالشرق الأوسط في 2023",18 يناير 12:03 م,أخبار الشركة,1,أرامكو
"وكالة: ""رينو"" و""جيلي"" تتطلعان لشراكة مع ""أرامكو"" بمشروع تطوير محركات السيارات",17 يناير 10:12 ص,أخبار الشركة,2,أرامكو
مصرف الراجحي يوصي بتوزيع 5 مليارات ريال عن العام 2022,15 يناير 09:23 ص,توزيعات نقدية,0,الراجحي
"""موديز"" تُحافظ على تصنيف ""تكافل الراجحي"" عند ""A3""",11 يناير 03:55 م,تصنيفات إئتمانية,1,الراجحي
"الاتصالات السعودية توقع اتفاقية مع ""سلوشنز"" لبيع كامل حصتها في مراكز الاتصال",11 يناير 03:49 م,اندماجات واستحواذات,1,الاتصالات
الحفر العربية توقع عقداً مع أرامكو السعودية بـ650 مليون ريال,11 يناير 09:41 ص,استثمارات الشركات,2,أرامكو
"""جاز"" توقع عقداً للعمل بمشروع حقل تابع لـ""أرامكو"" بـ139.54 مليون ريال",10 يناير 04:20 م,أخبار الشركة,1,أرامكو
الحاسوب للتجارة تعلن تسديد تمويل قصير الأجل لمصرف الراجحي,10 يناير 04:00 م,شركات - أخبار التمويل,0,الراجحي
أرامكو: مجمع الملك سلمان سيسهم بـ17 مليار دولار بالناتج المحلي السعودي,8 يناير 01:45 م,اقتصاد كلي,1,أرامكو
"حلواني إخوان توقع تعديل اتفاقية تسهيلات بنكية مع ""الراجحي"" بـ 230.83 مليون ريال",8 يناير 09:08 ص,بنوك ومالية,2,الراجحي
"رويترز: ""أرامكو السعودية"" قد تخفض أسعار الخام العربي الخفيف لآسيا في فبراير",4 يناير 10:58 ص,أخبار الشركة,0,أرامكو
رئيس مصرف الراجحي: لا توجد نية للاندماج أو دخول مجال العملات الرقمية,3 يناير 11:51 ص,بنوك ومالية,2,الراجحي
أرامكو السعودية تعدّل مسميات وظائفها القيادية مطلع يناير 2023,29 ديسمبر 2022 05:07 م,أخبار الشركة,1,أرامكو
"""الدوائية"" توقع اتفاقيتي تسهيلات مع ""ساب"" ومصرف الراجحي بـ900 مليون ريال",29 ديسمبر 2022 09:28 ص,أخبار الشركة,1,الراجحي
اليوم.. إدراج وبدء تداول أرامكو لزيوت الأساس- لوبريف بسوق الأسهم السعودية,28 ديسمبر 2022 08:41 ص,الاكتتابات الاولية,1,أرامكو
"""تكافل الراجحي"" توقع عقداً مع ""بترو رابغ"" لتقديم خدمات التأمين الصحي",27 ديسمبر 2022 04:55 م,أخبار الشركة,2,الراجحي
28 ديسمبر.. إدراج وبدء تداول أرامكو لزيوت الأساس- لوبريف بسوق الأسهم السعودية,26 ديسمبر 2022 09:25 ص,حركة التداولات,0,أرامكو
أرامكو السعودية تجدد اتفاقاً مع اليابان لتخزين النفط الخام في أوكيناوا,22 ديسمبر 2022 03:20 م,استثمارات الشركات,2,أرامكو
بقيادة أرامكو.. توقيع شراكات لمشاريع تكرير وبتروكيميائيات في السعودية والصين,18 ديسمبر 2022 04:17 م,استثمارات الشركات,1,أرامكو
"""سابك"" توقع مذكرة مع أرامكو السعودية و""ساينوبيك"" الصينية لتطوير مجمع صناعي",18 ديسمبر 2022 09:28 ص,استثمارات الشركات,1,أرامكو
أرامكو وتوتال تعتزمان إنشاء مجمع بتروكيميائيات في السعودية بـ 11 مليار دولار,15 ديسمبر 2022 04:45 م,اقتصاد كلي,1,أرامكو
"محدث.. صفقتان خاصتان على أرامكو السعودية و""المتقدمة"" بـ793.89 مليون ريال",15 ديسمبر 2022 00:25 م,حركة التداولات,2,أرامكو
أرامكو وسابك للمغذيات تعلنان وصول أول شحنة من الأمونيا الزرقاء لكوريا الجنوبية,14 ديسمبر 2022 03:41 م,أخبار الشركة,1,أرامكو
أرامكو السعودية تبحث مع مستثمرين تطوير مشروع غاز الجافورة بـ110 مليارات دولار,13 ديسمبر 2022 00:27 م,أخبار الشركة,1,أرامكو
"السوق السعودي.. صفقة خاصة على ""الراجحي"" بأعلى من مستويات التداول",8 ديسمبر 2022 01:41 م,حركة التداولات,2,الراجحي
رئيس أرامكو السعودية: تحول الطاقة لن يتم دون إنتاج مواد متطورة,6 ديسمبر 2022 03:13 م,استثمارات الشركات,1,أرامكو
اليوم.. إدراج وبدء تداول صكوك مصرف الراجحي من الشريحة الأولى,6 ديسمبر 2022 11:04 ص,بنوك ومالية,1,الراجحي
الاتصالات السعودية تفوز بمزاد الطيف الترددي للشبكات غير الأرضية لمدة 15 عاماً,6 ديسمبر 2022 10:54 ص,الأخبار العامة,1,الاتصالات
"محدث.. 3 صفقات خاصة على الاتصالات السعودية و""سهل"" بـ149.69 مليون ريال",5 ديسمبر 2022 00:08 م,حركة التداولات,0,الاتصالات
"""جرير"" تفتتح معرضاً جديداً بديلاً لمعرضها بالمدينة المنورة",5 ديسمبر 2022 09:49 ص,أخبار الشركة,1,جرير
تحديد النطاق السعري لـ أرامكو السعودية لزيوت الأساس بين91 و99 ريالاً للسهم,4 ديسمبر 2022 10:15 ص,الاكتتابات الاولية,0,أرامكو
"""تداول"" تُعلن إدراج وبدء تداول صكوك ""الراجحي"" من الشريحة الأولى الثلاثاء المقبل",4 ديسمبر 2022 09:52 ص,صكوك وتمويل اسلامي,1,الراجحي
"""سلوشنز"" توقع مجموعة عقود مع الاتصالات السعودية بقيمة 372.92 مليون ريال",1 ديسمبر 2022 03:43 م,استثمارات الشركات,1,الاتصالات
أرامكو السعودية تكمل 3 صفقات استحواذ في بولندا.. وتوقع اتفاقية لبيع النفط الخام,30 نوفمبر 2022 02:53 م,استثمارات الشركات,1,أرامكو
الموافقة على طرح 29.6% من أرامكو لزيوت الأساس للاكتتاب العام في السوق السعودي,24 نوفمبر 2022 04:07 م,الاكتتابات الاولية,0,أرامكو
وزير الطاقة: أرامكو وسابك تخططان لبدء مشروع تحويل البترول الخام إلى بتروكيماويات,24 نوفمبر 2022 11:14 ص,استثمارات الشركات,1,أرامكو
أرامكو السعودية توقع 59 اتفاقية جديدة في إطار برنامج اكتفاء,22 نوفمبر 2022 03:05 م,أخبار الشركة,1,أرامكو
"""الراجحي"" ينتهي من الطرح العام واكتمال تسوية صكوك من الشريحة الأولى",20 نوفمبر 2022 04:51 م,صكوك وتمويل اسلامي,0,الراجحي
أرامكو تعتزم إنشاء مشروع بتروكيميائيات في كوريا الجنوبية بتكلفة 7 مليارات دولار,17 نوفمبر 2022 10:56 ص,استثمارات الشركات,0,أرامكو
أرامكو تصعد بأرباح قطاع الطاقة 38% بالربع الثالث.. والإيرادات 563 مليار ريال,15 نوفمبر 2022 11:11 ص,نتائج أعمال الشركات,0,أرامكو
أرامكو السعودية وبيرتامينا الإندونيسية توقعان مذكرة تعاون بمجال الهيدروجين,14 نوفمبر 2022 02:15 م,استثمارات الشركات,1,أرامكو
مصرف الراجحي ينهي طرح صكوك محلية من الشريحة الأولى بقيمة 10 مليارات ريال,14 نوفمبر 2022 09:11 ص,بنوك ومالية,1,الراجحي
أرامكو تقود نمو أرباح الشركات السعودية 29% إلى 198 مليار ريال في الربع الثالث,10 نوفمبر 2022 05:12 م,نتائج أعمال الشركات,2,أرامكو
"شركة أبحاث تتوقع استفادة ""المواساة"" من شراكتها الرئيسية مع أرامكو",10 نوفمبر 2022 02:43 م,تقييمات وتوصيات الأسهم,1,أرامكو
وكالة: أرامكو السعودية تشحن الكميات التعاقدية كاملة لآسيا في ديسمبر,10 نوفمبر 2022 11:11 ص,أخبار الشركة,2,أرامكو
مصرف الراجحي: تعيين وليد المقبل عضو مجلس إدارة منتدب,10 نوفمبر 2022 09:38 ص,بنوك ومالية,1,الراجحي
رئيس أرامكو: الأمن السيبراني أولوية قصوى لجميع مزودي خدمات سلاسل الإمداد,9 نوفمبر 2022 02:52 م,اخبار السلع,2,أرامكو
"""جرير"" تقرر توزيع 2.25 ريال للسهم عن الربع الثالث من عام 2022",9 نوفمبر 2022 09:59 ص,مفكرة الاحداث,1,جرير
"تابعة لـ""كهرباء السعودية"" توقع اتفاقية لتشغيل شبكة الاتصالات بالجبيل الصناعية",8 نوفمبر 2022 00:52 م,استثمارات الشركات,1,الاتصالات
تشيجيانغ الصينية توقع اتفاقية مع أرامكو السعودية لشراء نفط بـ 735 مليون دولار,7 نوفمبر 2022 02:03 م,أخبار الشركة,1,أرامكو
أرباح شركات الاتصالات السعودية ترتفع لـ4 مليارات ريال في الربع الثالث,2 نوفمبر 2022 03:30 م,نتائج أعمال الشركات,1,الاتصالات
أرامكو: إنتاج 14.4 مليون برميل مكافئ نفطي يومياً بالربع الثالث من 2022,1 نوفمبر 2022 02:58 م,استثمارات الشركات,1,أرامكو
الناصر: خطط أرامكو السعودية للتوسع بقطاع التكرير والمعالجة والتسويق تمضي قدماً,1 نوفمبر 2022 11:52 ص,أخبار الشركة,1,أرامكو
أرامكو السعودیة تقرر توزيع 70.33 ملیار ﷼ على المساهمين عن الربع الثالث 2022,1 نوفمبر 2022 09:00 ص,توزيعات نقدية,1,أرامكو
أسعار النفط تصعد بأرباح أرامكو السعودية إلى 159.12 مليار ريال بالربع الثالث 2022,1 نوفمبر 2022 08:58 ص,نتائج أعمال الشركات,2,أرامكو
"أرامكو و ""آي بي إم"" يعتزمان إنشاء مركز للابتكار الرقمي في السعودية",1 نوفمبر 2022 00:34 ص,اقتصاد كلي,0,أرامكو
غداً.. أرامكو السعودية تكشف عن نتائجها المالية وتوزيعات الأرباح للربع الثالث,31 أكتوبر 2022 06:59 م,مفكرة الاحداث,1,أرامكو
"شركة أبحاث توصي بـ""زيادة المراكز"" لسهم الاتصالات السعودية بسعر مستهدف 49.6 ريال",31 أكتوبر 2022 03:35 م,تقييمات وتوصيات الأسهم,2,الاتصالات
"""عزم"" توقع عقداً مع وزارة الاتصالات لتقديم خدمات الدعم الاستشاري",30 أكتوبر 2022 05:11 م,أخبار الشركة,2,الاتصالات
مصرف الراجحي يبدأ طرح صكوك من الشريحة الأولى بقيمة 4 مليارات ريال,30 أكتوبر 2022 10:00 ص,صكوك وتمويل اسلامي,2,الراجحي
الاتصالات السعودية تربح 3.54 مليار ريال بالربع الثالث من عام 2022,27 أكتوبر 2022 03:49 م,نتائج أعمال الشركات,0,الاتصالات
رئيس أرامكو: تقلبات سوق النفط بعد الجائحة وزيادة الطلب يؤثران على سلاسل الإمداد,26 أكتوبر 2022 02:51 م,اقتصاد عالمى,2,أرامكو
مجموعة الاتصالات السعودية تضخ استثماراً إضافياً بقيمة 300 مليون دولار في STV,26 أكتوبر 2022 01:33 م,استثمارات الشركات,1,الاتصالات
أرامكو السعودية تطلق صندوقاً بـ1.5 مليار دولار لتشجيع الاستثمار بتحول الطاقة,26 أكتوبر 2022 00:58 م,أخبار الشركة,2,أرامكو
"""أنابيب"" تفوز بعقد توريد لصالح أرامكو السعودية بـ 22 مليون ريال",24 أكتوبر 2022 04:46 م,استثمارات الشركات,1,أرامكو
"الاتصالات السعودية تتسلم عرضاً من الصندوق السيادي للاستحواذ على 51% من ""توال""",24 أكتوبر 2022 03:55 م,اندماجات واستحواذات,1,الاتصالات
شركة أبحاث تتوقع ارتفاع أرباح مصرف الراجحي إلى 17 مليار ريال بالعام 2022,24 أكتوبر 2022 11:47 ص,تقييمات وتوصيات الأسهم,1,الراجحي
مصرف الراجحي يعتزم إصدار صكوك رأسمال إضافية مقوّمة بالريال السعودي,24 أكتوبر 2022 10:31 ص,صكوك وتمويل اسلامي,1,الراجحي
أرباح مصرف الراجحي ترتفع إلى 4.36 مليار ريال بالربع الثالث من عام 2022,23 أكتوبر 2022 09:08 ص,نتائج أعمال الشركات,1,الراجحي
"أرامكو السعودية تدشن برنامج ""تليد"" لتسريع وتيرة نمو المنشآت الصغيرة والمتوسطة",20 أكتوبر 2022 03:25 م,أخبار الشركة,2,أرامكو
أرامكو السعودية تخطط لطرح عام أولي لوحدة تجارة النفط,20 أكتوبر 2022 00:40 م,أخبار الشركة,1,أرامكو
"""أرامكو"" تعتزم إنشاء منطقتين لتصنيع وتجميع المنصات والهياكل البحرية بالمملكة",17 أكتوبر 2022 06:11 م,استثمارات الشركات,1,أرامكو
"سوق الأسهم السعودية.. صفقة خاصة على ""أرامكو"" ضمن مستويات التداول",17 أكتوبر 2022 01:00 م,حركة التداولات,2,أرامكو
"شركة أبحاث تحدد مستهدف ""جرير"" عند 194 ريالاً وتوصي بـ""زيادة المراكز""",16 أكتوبر 2022 02:45 م,تقييمات وتوصيات الأسهم,1,جرير
"سهم ""جرير"" يواصل تراجعه للجلسة الخامسة.. مع إعلان نتائج الربع الثالث",13 أكتوبر 2022 00:47 م,أخبار السوق,1,جرير
"المبيعات تصعد بأرباح ""جرير"" إلى 274 مليون ريال في الربع الثالث 2022",13 أكتوبر 2022 09:37 ص,نتائج أعمال الشركات,2,جرير
أرامكو السعودية أفضل شركة للعمل بها بالشرق الأوسط ضمن قائمة فوربس في 2022,12 أكتوبر 2022 02:49 م,الأخبار العامة,2,أرامكو
"""الراجحي ريت"": زيادة حد تسهيلات مصرفية لأغراض الاستحواذ إلى 900 مليون ريال",11 أكتوبر 2022 05:06 م,بنوك ومالية,2,الراجحي
أرامكو السعودية تدشن مشروعاً لتصنيع أجهزة الحفر داخل المملكة لأول مرة,11 أكتوبر 2022 03:03 م,اقتصاد كلي,1,أرامكو
وكالة: أرامكو السعودية ستحافظ على إمدادات النفط لشمال آسيا رغم تخفيضات أوبك+,10 أكتوبر 2022 10:38 ص,أخبار الشركة,0,أرامكو
"""التأمين العربية"" توقع اتفاقية مع الراجحي المالية لإدارة اكتتاب زيادة رأس المال",9 أكتوبر 2022 10:25 ص,أخبار الشركة,0,الراجحي
"بقيادة أرامكو و""إس تي سي""..26 شركة ترفع رأسمالها في 9 أشهر بـ96 مليار ريال",5 أكتوبر 2022 11:38 ص,اجراءات الشركات,1,أرامكو
الاتصالات السعودية: نستهدف تأسيس مركز رقمي لخدمة السوق السعودية والإقليمية,5 أكتوبر 2022 09:45 ص,استثمارات الشركات,2,الاتصالات
أرامكو السعودية تعلن نتائج وتوزيعات الأرباح للربع الثالث 2022 مطلع نوفمبر,4 أكتوبر 2022 01:02 م,نتائج أعمال الشركات,2,أرامكو
رئيس أرامكو: وجود طاقة إنتاج فائضة من النفط ليس مسؤولية السعودية وحدها,4 أكتوبر 2022 00:41 م,اقتصاد عالمى,2,أرامكو
"""عزم"": قيمة ترسية مشروع وزارة الاتصالات تتجاوز 10% من إجمالي إيرادات عام 2021",2 أكتوبر 2022 04:54 م,أخبار الشركة,2,الاتصالات
"""مهارة"" تحصل على قرض مرابحة طويل الأجل من "" الراجحي"" بـ200 مليون ريال",28 سبتمبر 2022 09:21 ص,أخبار الشركة,2,الراجحي
"""أنابيب"" تفوز بعقد توريد لصالح أرامكو السعودية بـ155 مليون ريال",25 سبتمبر 2022 08:22 ص,أخبار الشركة,1,أرامكو
"""أنابيب السعودية"" توقع عقد توريد مع أرامكو بقيمة 149.8 مليون ريال",21 سبتمبر 2022 04:09 م,استثمارات الشركات,1,أرامكو
"""عزم"": ترسية مشروع مع وزارة الاتصالات السعودية لتقديم خدمات الدعم الاستشاري",21 سبتمبر 2022 03:55 م,أخبار الشركة,2,الاتصالات
"""التعاونية"": ترسية عقد مع مجموعة الاتصالات السعودية لتقديم خدمات تأمين صحي",20 سبتمبر 2022 03:59 م,أخبار الشركة,2,الاتصالات
مصرف الراجحي يغلق عملية تمويل مرابحة مزدوج الشريحة بقيمة مليار دولار,20 سبتمبر 2022 03:43 م,بنوك ومالية,1,الراجحي
رئيس أرامكو السعودية: فرض ضرائب على الشركات ليس حلاً لأزمة الطاقة,20 سبتمبر 2022 00:15 م,اخبار السلع,2,أرامكو
مصرف الراجحي يرفع حصته بشركة تابعة إلى 35% بعد موافقة المركزي السعودي,18 سبتمبر 2022 03:59 م,بنوك ومالية,1,الراجحي
أرامكو: حلول متطورة للاستفادة من الذكاء الاصطناعي باكتشاف المواد الهيدروكربونية,14 سبتمبر 2022 10:51 ص,أخبار الشركة,1,أرامكو
أرامكو تعلن مشروعاً استراتيجياً باسم الممر العالمي للذكاء الاصطناعي,13 سبتمبر 2022 10:53 ص,الأخبار العامة,1,أرامكو
"""جرير"" تعلن افتتاح معرض جديد بالبحرين بحجم استثمار 28 مليون ريال",8 سبتمبر 2022 04:19 م,استثمارات الشركات,2,جرير
أرامكو السعودية تخفض أسعار النفط إلى آسيا في أكتوبر,6 سبتمبر 2022 06:02 م,أخبار الشركة,2,أرامكو
"مسؤول في أرامكو: برنامج ""اكتفاء"" ساهم في إنشاء أكثر من 130 مصنعاً بالسعودية",6 سبتمبر 2022 11:20 ص,اقتصاد كلي,1,أرامكو
"""عذيب للاتصالات"" تعلن قبول هيئة الاتصالات بوفاء الشركة بالتزامات نشر الشبكة",6 سبتمبر 2022 09:44 ص,أخبار الشركة,1,الاتصالات
"""أرامكو"" تعلنُ عن شراكة مع ""فورمولا"" لاستخدام الوقود منخفض الكربون",3 سبتمبر 2022 01:15 ص,الأخبار العامة,0,أرامكو
مساهمو الاتصالات السعودية يقرون زيادة رأسمالها إلى 50 مليار ريال بأسهم منحة,31 أغسطس 2022 09:17 ص,اجراءات الشركات,1,الاتصالات
أرامكو السعودية تقفز بأرباح شركات الطاقة لـ183.2 مليار ريال في الربع الثاني 2022,28 أغسطس 2022 03:55 م,نتائج أعمال الشركات,1,أرامكو
"أرباح الشركات السعودية تقفز لـ230 مليار ريال بالربع الثاني.. و""أرامكو"" تقتنص 79%",25 أغسطس 2022 05:50 م,نتائج أعمال الشركات,0,أرامكو
الاتصالات السعودية تطلق أول كابل بحري عالي السعة في البحر الأحمر,25 أغسطس 2022 03:53 م,الأخبار العامة,2,الاتصالات
أرامكو السعودية تستهدف استكمال الاستحواذ على فالفولين الأمريكية بحلول 2023,22 أغسطس 2022 06:11 م,اندماجات واستحواذات,2,أرامكو
"""مهارة"" تحصل على قروض من مصرف الراجحي و""ساب"" بـ362.5 مليون ريال",21 أغسطس 2022 11:03 ص,بنوك ومالية,2,الراجحي
"شركة أبحاث تحدد مستهدف الاتصالات السعودية عند 124 ريالاً وتوصي بـ""زيادة المراكز""",17 أغسطس 2022 01:04 م,تقييمات وتوصيات الأسهم,0,الاتصالات
مسؤول في أرامكو السعودية: 188 مليار ريال الإنفاق الرأسمالي المتوقع بنهاية 2022,14 أغسطس 2022 03:39 م,استثمارات الشركات,2,أرامكو
أرامكو السعودية: 13.6 مليون برميل يومياً متوسط الإنتاج بالربع الثاني من عام 2022,14 أغسطس 2022 11:55 ص,نتائج أعمال الشركات,2,أرامكو
رئيس أرامكو السعودية يؤكد ضرورة الاستثمار في الطاقة ويتوقع استمرار نمو الطلب,14 أغسطس 2022 11:12 ص,نتائج أعمال الشركات,1,أرامكو
أرامكو السعودية تقرر توزيع 70.33 مليار ريال للربع الثاني.. وبدء التوزيع 7 سبتمبر,14 أغسطس 2022 09:29 ص,توزيعات نقدية,1,أرامكو
"""أرامكو السعودية"" تربح 181.64 مليار ريال بالربع الثاني 2022 بدعم أسعار النفط",14 أغسطس 2022 09:19 ص,نتائج أعمال الشركات,1,أرامكو
أرامكو السعودية وغرفة الرياض توقعان عقداً لرعاية منتدى الرياض الاقتصادي,10 أغسطس 2022 01:55 م,الأخبار العامة,2,أرامكو
"أرباح ""تكافل الراجحي"" تتراجع بالربع الثاني لعام 2022 إلى 22.4 مليون ريال",10 أغسطس 2022 10:20 ص,نتائج أعمال الشركات,2,الراجحي
"""الأسماك"" تحصل على قرضين من البحرين الوطني و""الراجحي"" بـ20.3 مليون دولار",8 أغسطس 2022 04:08 م,بنوك ومالية,1,الراجحي
"شركة أبحاث تحدد مستهدف ""جرير"" عند 194 ريالاً وتوصي بـ""زيادة المراكز""",7 أغسطس 2022 05:38 م,تقييمات وتوصيات الأسهم,1,جرير
"""جرير"" تقرر توزيع 1.45 ريال للسهم عن الربع الثاني من عام 2022",4 أغسطس 2022 03:59 م,مفكرة الاحداث,1,جرير
أرباح شركات الاتصالات السعودية ترتفع إلى 3.33 مليار ريال بالربع الثاني 2022,4 أغسطس 2022 02:36 م,تقارير قطاعية,2,الاتصالات
منح أرامكو وسابك للمغذيات أول شهادات اعتماد في العالم لإنتاج الهيدروجين الأزرق,4 أغسطس 2022 01:59 م,استثمارات الشركات,1,أرامكو
"أرامكو السعودية و""ساينوبك"" الصينية توقعان مذكرة للتعاون في تنفيذ مشاريع بالمملكة",3 أغسطس 2022 06:17 م,استثمارات الشركات,1,أرامكو
30 أغسطس.. مساهمو الاتصالات السعودية يناقشون زيادة رأس المال 150% بأسهم منحة,3 أغسطس 2022 04:07 م,جمعيات عمومية,2,الاتصالات
الرئيس التنفيذي: 5 مليارات ريال استثمارات الاتصالات السعودية بالنصف الأول 2022,3 أغسطس 2022 11:39 ص,استثمارات الشركات,1,الاتصالات
الاتصالات السعودية تقرر توزيع ملياري ريال على المساهمين عن النصف الأول 2022,3 أغسطس 2022 10:01 ص,مفكرة الاحداث,1,الاتصالات
الاتصالات السعودية تربح 2.84 مليار ريال بالربع الثاني لعام 2022 بدعم الإيرادات,3 أغسطس 2022 09:21 ص,نتائج أعمال الشركات,0,الاتصالات
"الشرقية للتنمية تتسلم قراراً يتعلق بأرض منحة حكومية تقع ضمن امتياز ""أرامكو""",2 أغسطس 2022 04:17 م,استثمارات الشركات,1,أرامكو
"أرامكو تشتري أعمال المنتجات العالمية لـ""فالفولين"" الأمريكية بـ2.65 مليار دولار",1 أغسطس 2022 02:38 م,استثمارات الشركات,1,أرامكو
رئيس مجلس الإدارة: 293% تغطية القروض غير العاملة لدى مصرف الراجحي,31 يوليو 2022 02:10 م,نتائج أعمال الشركات,2,الراجحي
"أرباح ""الراجحي"" ترتفع 18.11% بالربع الثاني لعام 2022 إلى 4.26 مليار ريال",31 يوليو 2022 08:58 ص,نتائج أعمال الشركات,1,الراجحي
14 أغسطس.. أرامكو السعودية تعلن النتائج وتوزيعات الأرباح للربع الثاني 2022,19 يوليو 2022 03:31 م,نتائج أعمال الشركات,1,أرامكو
سهم أرامكو السعودية يرتفع 4% بدعم أسعار النفط.. وقفزة بالقيمة السوقية,18 يوليو 2022 02:09 م,حركة التداولات,1,أرامكو
"أرباح ""جرير"" بالربع الثاني تهبط إلى 177 مليون ريال لزيادة مصروفات البيع والتسويق",17 يوليو 2022 10:07 ص,نتائج أعمال الشركات,1,جرير
هيئة السوق توافق على زيادة رأسمال الاتصالات السعودية لـ50 مليار ريال بأسهم منحة,6 يوليو 2022 04:24 م,اجراءات الشركات,1,الاتصالات
"""سلوشنز"" توقع عقداً مع الاتصالات السعودية بـ298 مليون ريال لتطوير شبكات الإنترنت",6 يوليو 2022 03:48 م,استثمارات الشركات,1,الاتصالات
أرامكو السعودية: توقيع 55 اتفاقية ومذكرة جديدة ضمن برنامج الاستثمارات الصناعية,5 يوليو 2022 04:12 م,استثمارات الشركات,1,أرامكو
رئيس أرامكو السعودية يتصدر قائمة فوربس لأقوى الرؤساء التنفيذيين بالشرق الأوسط,5 يوليو 2022 02:41 م,الأخبار العامة,2,أرامكو
"""أنابيب"" توقع عقداً مع أرامكو السعودية بـ60 مليون ريال",3 يوليو 2022 09:27 ص,أخبار الشركة,2,أرامكو
"""أنابيب السعودية"" تفوز بعقد توريد لشركة ""أرامكو"" بـ58 مليون ريال",30 يونيو 2022 04:24 م,استثمارات الشركات,1,أرامكو
"""عذيب"" تعلن استيفاء متطلبات نشر الشبكة وتقدم الملفات المطلوبة لهيئة الاتصالات",30 يونيو 2022 03:52 م,استثمارات الشركات,1,الاتصالات
الاتصالات السعودية تعتزم شراء 15 مليون سهم ضمن برنامج حوافز الموظفين,28 يونيو 2022 03:46 م,اجراءات الشركات,1,الاتصالات
"خطط استراتيجية تدعم ""أرامكو"" بتأمين الطاقة من خلال سلاسل إمداد عالية الجودة",28 يونيو 2022 02:31 م,استثمارات الشركات,1,أرامكو
أرامكو السعودية تطلق مركز أبحاث لتطوير حلول الطاقة منخفضة الكربون,27 يونيو 2022 03:32 م,أخبار الشركة,0,أرامكو
"الاتصالات السعودية: تحويل ""مينا هب"" إلى شركة بنهاية عام 2022",23 يونيو 2022 00:49 م,استثمارات الشركات,1,الاتصالات
"""أرامكو"" تطلق مشروعاً لدعم التحول الرقمي الصناعي في الشرق الأوسط",19 يونيو 2022 06:55 م,أخبار الشركة,1,أرامكو
أرامكو السعودية تكشف إجراءاتها للوصول للحياد الصفري في الانبعاثات الكربونية,15 يونيو 2022 06:35 م,الأخبار العامة,2,أرامكو
"""المنجم"" توقع اتفاقية تسهيلات بنكية مع مصرف الراجحي بـ 200 مليون ريال",14 يونيو 2022 05:08 م,استثمارات الشركات,2,الراجحي
"""تدوير"" توقع عقداً مع وزارة الاتصالات لتدوير النفايات الإلكترونية والكهربائية",13 يونيو 2022 10:48 ص,الأخبار العامة,1,الاتصالات
الاتصالات السعودية تعتزم تعديل سياسة توزيع الأرباح بعد مقترح زيادة رأس المال,12 يونيو 2022 02:03 م,توزيعات نقدية,1,الاتصالات
الاتصالات السعودية توصي بزيادة رأس المال إلى 50 مليار ريال بمنح أسهم مجانية,12 يونيو 2022 09:34 ص,اجراءات الشركات,1,الاتصالات
أرامكو السعودية تعلن أسعار الوقود لشهر يونيو 2022,10 يونيو 2022 11:26 م,اقتصاد كلي,1,أرامكو
أرامكو السعودية تعلن توزيع عوائد بيع كسور الأسهم الناتجة عن زيادة رأس المال,9 يونيو 2022 10:35 ص,اجراءات الشركات,1,أرامكو
أرامكو السعودية: المحكمة العليا الأمريكية ترفض استئناف حكم لصالح الشركة,5 يونيو 2022 10:07 ص,أخبار الشركة,2,أرامكو
"""الخريف"" تحصل على تمويل إسلامي من ""الراجحي"" بقيمة 314.7 مليون ريال",2 يونيو 2022 03:53 م,استثمارات الشركات,0,الراجحي
"""جروب فايف"" تفوز بعقد من ""أرامكو"" بـ145.3 مليون ريال",1 يونيو 2022 10:37 ص,أخبار الشركة,1,أرامكو
أسمنت نجران تحصل على تمويل إسلامي من مصرف الراجحي بـ328.5 مليون ريال,31 مايو 2022 03:47 م,بنوك ومالية,1,الراجحي
شركة يابانية تفوز بعقد من أرامكو السعودية لتطوير حقل الظلوف,30 مايو 2022 00:54 م,استثمارات الشركات,2,أرامكو
"""زين السعودية "":هيئة الاتصالات توافق على شراء تابعة لها 8.07 ألف موقع من أبراجها",29 مايو 2022 09:10 ص,أخبار الشركة,2,الاتصالات
"تابعة لـ""باتك"" توقع اتفاقية تسهيلات ائتمانية مع ""مصرف الراجحي"" بـ200 مليون ريال",26 مايو 2022 09:19 ص,أخبار الشركة,2,الراجحي
"أرباح الشركات السعودية تقفز لـ192.7 مليار ريال بالربع الأول..و""أرامكو"" تقتنص 77%",24 مايو 2022 07:23 م,نتائج أعمال الشركات,1,أرامكو
أرامكو تقفز بأرباح قطاع الطاقة السعودي 81.2% في الربع الأول 2022,24 مايو 2022 02:25 م,نتائج أعمال الشركات,1,أرامكو
"""أنابيب"" تفوز بعقد توريد لصالح ""أرامكو"" بـ100 مليون ريال",23 مايو 2022 10:40 ص,استثمارات الشركات,2,أرامكو
"""عزم"" توقع عقد خدمات استشارية مع وزارة الاتصالات لتسريع التحول الرقمي بالسعودية",22 مايو 2022 05:11 م,استثمارات الشركات,0,الاتصالات
"""أنابيب السعودية"" تفوز بعقد توريد من أرامكو بـ 97 مليون ريال",22 مايو 2022 04:03 م,استثمارات الشركات,1,أرامكو
الاتصالات السعودية توقع اتفاقية لتأسيس شركة حوسبة سحابية متخصصة في المملكة,22 مايو 2022 03:44 م,الأخبار العامة,2,الاتصالات
وكالة: أرامكو السعودية تدرس طرح ذراعها التجارية للاكتتاب العام,17 مايو 2022 06:23 م,الاكتتابات الاولية,2,أرامكو
"محدث.. صفقتان خاصتان على أرامكو السعودية و""الدواء"" بـ132.53 مليون ريال",17 مايو 2022 00:18 م,حركة التداولات,1,أرامكو
"""عزم"" تعلن ترسية مشروع مع وزارة الاتصالات.. وتأسيس مكتب للتطوير البرمجي",16 مايو 2022 00:02 م,استثمارات الشركات,2,الاتصالات
أرامكو: 13 مليون برميل مكافئ نفطي يومياً متوسط الإنتاج بالربع الأول من 2022,15 مايو 2022 00:17 م,نتائج أعمال الشركات,2,أرامكو
الناصر: أرامكو تسعى لتلبية الطلب العالمي على الطاقة وضخ استثمارات طويلة الأجل,15 مايو 2022 11:10 ص,استثمارات الشركات,2,أرامكو
أرامكو السعودية تقرر توزيع 70.33 مليار ريال عن الربع الأول 8 يونيو المقبل,15 مايو 2022 10:12 ص,مفكرة الاحداث,1,أرامكو
أرباح أرامكو السعودية تقفز إلى 148 مليار ريال بالربع الأول 2022 بدعم أسعار النفط,15 مايو 2022 10:06 ص,نتائج أعمال الشركات,1,أرامكو
مساهمو أرامكو السعودية يقرون زيادة رأسمالها إلى 75 مليار ريال بمنح أسهم مجانية,15 مايو 2022 10:02 ص,توزيعات نقدية,0,أرامكو
"""جرير"": إغلاق معرض في جدة لتواجده ضمن الأحياء العشوائية المقرر إزالتها",12 مايو 2022 04:02 م,أخبار الشركة,1,جرير
أرامكو السعودية وشركة النفط التايلاندية توقعان مذكرة للتعاون في مجال الطاقة,12 مايو 2022 00:19 م,استثمارات الشركات,2,أرامكو
اليوم.. مساهمو أرامكو السعودية يناقشون زيادة رأسمالها 25% بمنح أسهم مجانية,12 مايو 2022 11:50 ص,اجراءات الشركات,1,أرامكو
"""جرير"" تبيع مبنى في الخبر بـ178 مليون ريال وتحقق أرباحاً رأسمالية",11 مايو 2022 04:16 م,استثمارات الشركات,2,جرير
أرامكو السعودية تزيح أبل وتصبح الأعلى قيمة سوقية في العالم,10 مايو 2022 02:14 م,حركة التداولات,0,أرامكو
"""جرير"" تقرر توزيع 2.05 ريال للسهم عن الربع الأول من عام 2022",9 مايو 2022 04:09 م,مفكرة الاحداث,2,جرير
مساهمو مصرف الراجحي يقرون زيادة رأس المال إلى 40 مليار ريال بمنح أسهم مجانية,9 مايو 2022 10:23 ص,بنوك ومالية,1,الراجحي
"تراجع أرباح ""تكافل الراجحي"" بالربع الأول لعام 2022 إلى 40.7 مليون ريال",9 مايو 2022 09:33 ص,نتائج أعمال الشركات,2,الراجحي
أرامكو السعودية تخفض سعر الخام العربي الخفيف إلى آسيا وأوروبا في يونيو,8 مايو 2022 05:20 م,استثمارات الشركات,2,أرامكو
"""أرامكو"" يقفز لأعلى مستوى منذ الإدراج.. والقيمة السوقية تتجاوز 2.4 تريليون دولار",8 مايو 2022 01:59 م,حركة التداولات,1,أرامكو
أرباح شركات الاتصالات السعودية ترتفع إلى 3.4 مليار ريال بالربع الأول 2022,8 مايو 2022 00:54 م,تقارير قطاعية,1,الاتصالات
"اليوم.. مساهمو ""الراجحي"" يناقشون زيادة رأس المال 60% بمنح أسهم مجانية",8 مايو 2022 10:54 ص,جمعيات عمومية,1,الراجحي
الاتصالات السعودية تقرر توزيع ريال للسهم عن الربع الأول,28 أبريل 2022 03:58 م,مفكرة الاحداث,1,الاتصالات
الاتصالات السعودية تربح 3.04 مليار ريال بالربع الأول من 2022,28 أبريل 2022 03:37 م,نتائج أعمال الشركات,2,الاتصالات
"12 مايو..مساهمو ""أرامكو"" يناقشون زيادة رأسمالها لـ75 مليار ريال بمنح أسهم مجانية",28 أبريل 2022 10:08 ص,اجراءات الشركات,2,أرامكو
"""الخزف"": توقّف مؤقت لإمدادات الغاز لبعض المصانع لصيانة خطوط تابعة لأرامكو",27 أبريل 2022 05:46 م,استثمارات الشركات,0,أرامكو
"رئيس ""الراجحي"": نمو كبير بمحفظة التمويل رافقه تغطية عالية للتمويلات غير العاملة",27 أبريل 2022 00:26 م,بنوك ومالية,1,الراجحي
"أرباح ""الراجحي"" ترتفع 24% بالربع الأول لعام 2022 إلى 4.13 مليار ريال",27 أبريل 2022 09:47 ص,بنوك ومالية,1,الراجحي
"وكالة فيتش تؤكد تصنيف ""أرامكو"" عند A وتعدل نظرتها المستقبلية إلى ""إيجابية""",26 أبريل 2022 11:08 ص,تصنيفات إئتمانية,1,أرامكو
هيئة السوق تقر زيادة رأسمال أرامكو السعودية لـ75 مليار ريال,19 أبريل 2022 05:40 م,اجراءات الشركات,2,أرامكو
"الجزيرة كابيتال تحدد مستهدف ""جرير"" وتوصي بزيادة المراكز",19 أبريل 2022 01:19 م,تقييمات وتوصيات الأسهم,2,جرير
"8 مايو.. مساهمو ""الراجحي"" يناقشون زيادة رأس المال 60% بمنح أسهم مجانية",14 أبريل 2022 05:14 م,جمعيات عمومية,1,الراجحي
"""جرير"" تربح 251.3 مليون ريال في الربع الأول 2022",14 أبريل 2022 04:38 م,نتائج أعمال الشركات,1,جرير
"""ساسكو"" تعلن تجديد وتعديل اتفاقية تمويل إسلامي مع ""الراجحي"" بـ1.98 مليار ريال",14 أبريل 2022 04:13 م,استثمارات الشركات,2,الراجحي
15 مايو.. أرامكو السعودية تعلن النتائج المالية وتوزيعات الأرباح للربع الأول 2022,14 أبريل 2022 02:07 م,نتائج أعمال الشركات,0,أرامكو
"""المعمر"" تجدد اتفاقية تمويل إسلامي مع مصرف الراجحي بـ500 مليون ريال",13 أبريل 2022 04:19 م,بنوك ومالية,2,الراجحي
أرامكو السعودية تعلن أسعار بيع البنزين لشهر أبريل,11 أبريل 2022 02:08 م,الأخبار العامة,2,أرامكو
"""ولاء"": قيمة العقد مع أرامكو تتجاوز 15% من إجمالي أقساط التأمين في 2021",10 أبريل 2022 04:30 م,استثمارات الشركات,1,أرامكو
"مصفاة ""لوبريف"" التابعة لأرامكو تخطط لاكتتاب عام يجمع مليار دولار",5 أبريل 2022 10:59 ص,أخبار الشركة,2,أرامكو
"إنفوجرافيك.. قفزة بأرباح الشركات السعودية في عام 2021 بقيادة ""أرامكو""",4 أبريل 2022 00:05 م,نتائج أعمال الشركات,2,أرامكو
"ولاء للتأمين توقع اتفاقية مع ""أرامكو"" لتقديم تغطية تأمينية لمنتجات الطاقة",3 أبريل 2022 10:09 ص,استثمارات الشركات,2,أرامكو
"أرباح الشركات السعودية تقفز لـ533.3 مليار ريال بعام 2021..و""أرامكو"" تقتنص 74.5%",31 مارس 2022 10:45 م,نتائج أعمال الشركات,1,أرامكو
"أرامكو السعودية و""هيونداي"" تتعاونان لإنتاج وقود متطور للسيارات الكهربائية",29 مارس 2022 05:59 م,استثمارات الشركات,1,أرامكو
"أرباح قياسية لقطاع الطاقة السعودي في 2021 بقيادة ""أرامكو"".. وقفزة بالربع الرابع",29 مارس 2022 03:24 م,نتائج أعمال الشركات,1,أرامكو
